CODICE_SCUOLA,CODICE_SEDE,TELEFONO_ORIGINALE,TELEFONO_E164,PROBLEMA,URL_SCHEDA
AG019P,AG1A04600Q,0022775498,,numero non convertito,https://unica.istruzione.gov.it/cercalatuascuola/istituti/AG1A04600Q/scuola
AP013P,AP1E00300G,073500583282,+39073500583282,formato sospetto,https://unica.istruzione.gov.it/cercalatuascuola/istituti/AP1E00300G/scuola
BO025P,BO1A168008,0051549314,,numero non convertito,https://unica.istruzione.gov.it/cercalatuascuola/istituti/BO1A168008/scuola
BO065P,BO1E020008,0051470331,,numero non convertito,https://unica.istruzione.gov.it/cercalatuascuola/istituti/BO1E020008/scuola
BR015P,BR1APC500L,346/08769489,+3934608769489,formato sospetto,https://unica.istruzione.gov.it/cercalatuascuola/istituti/BR1APC500L/scuola
BS072P,BS1A08500Q,393757813759,+39393757813759,formato sospetto,https://unica.istruzione.gov.it/cercalatuascuola/istituti/BS1A08500Q/scuola
CE190P,CE1A9R500Q,393337684686,+39393337684686,formato sospetto,https://unica.istruzione.gov.it/cercalatuascuola/istituti/CE1A9R500Q/scuola
CH013P,CH1E005007,00859063526,+859063526,formato sospetto,https://unica.istruzione.gov.it/cercalatuascuola/istituti/CH1E005007/scuola
CN010P,CN1E00300P,017200412454,+39017200412454,formato sospetto,https://unica.istruzione.gov.it/cercalatuascuola/istituti/CN1E00300P/scuola
CN042P,CN1A05000A,350590823,+39350590823,formato sospetto,https://unica.istruzione.gov.it/cercalatuascuola/istituti/CN1A05000A/scuola
CS071P,CS1A152006,330505263,+39330505263,formato sospetto,https://unica.istruzione.gov.it/cercalatuascuola/istituti/CS1A152006/scuola
CT093P,CT1AB15008,393917745273,+39393917745273,formato sospetto,https://unica.istruzione.gov.it/cercalatuascuola/istituti/CT1AB15008/scuola
CT118P,CTPC605004,00957227118,+957227118,formato sospetto,https://unica.istruzione.gov.it/cercalatuascuola/istituti/CTPC605004/scuola
FG010P,FG1A02000Q,34996413340,+3934996413340,formato sospetto,https://unica.istruzione.gov.it/cercalatuascuola/istituti/FG1A02000Q/scuola
FG021P,RM1E04700D,4102763,+394102763,formato sospetto,https://unica.istruzione.gov.it/cercalatuascuola/istituti/RM1E04700D/scuola
FO018P,FO1A030008,328154044,+39328154044,formato sospetto,https://unica.istruzione.gov.it/cercalatuascuola/istituti/FO1A030008/scuola
FO018P,FO1A031004,328154044,+39328154044,formato sospetto,https://unica.istruzione.gov.it/cercalatuascuola/istituti/FO1A031004/scuola
FO018P,FO1A04100P,328154044,+39328154044,formato sospetto,https://unica.istruzione.gov.it/cercalatuascuola/istituti/FO1A04100P/scuola
FO018P,FO1A044006,328154044,+39328154044,formato sospetto,https://unica.istruzione.gov.it/cercalatuascuola/istituti/FO1A044006/scuola
FO018P,FO1A052005,328154044,+39328154044,formato sospetto,https://unica.istruzione.gov.it/cercalatuascuola/istituti/FO1A052005/scuola
FO018P,FO1A05600C,328154044,+39328154044,formato sospetto,https://unica.istruzione.gov.it/cercalatuascuola/istituti/FO1A05600C/scuola
FO018P,FO1A057008,328154044,+39328154044,formato sospetto,https://unica.istruzione.gov.it/cercalatuascuola/istituti/FO1A057008/scuola
FO018P,FO1A06300G,328154044,+39328154044,formato sospetto,https://unica.istruzione.gov.it/cercalatuascuola/istituti/FO1A06300G/scuola
GE004P,GE1E026006,018500050558,+39018500050558,formato sospetto,https://unica.istruzione.gov.it/cercalatuascuola/istituti/GE1E026006/scuola
GE068P,GE1A09600E,392418642,+39392418642,formato sospetto,https://unica.istruzione.gov.it/cercalatuascuola/istituti/GE1A09600E/scuola
LT034P,LTPLCG500C,0773624384/6090,,numero non convertito,https://unica.istruzione.gov.it/cercalatuascuola/istituti/LTPLCG500C/scuola
ME011P,ME1A0O5008,32871774888,+3932871774888,formato sospetto,https://unica.istruzione.gov.it/cercalatuascuola/istituti/ME1A0O5008/scuola
MI026P,MI1A038008,02,,numero non convertito,https://unica.istruzione.gov.it/cercalatuascuola/istituti/MI1A038008/scuola
MO211P,MO1A2R500S,059 - 654335,,numero non convertito,https://unica.istruzione.gov.it/cercalatuascuola/istituti/MO1A2R500S/scuola
NA062P,NA1E01700P,00815468136,+815468136,formato sospetto,https://unica.istruzione.gov.it/cercalatuascuola/istituti/NA1E01700P/scuola
NA100P,NA1A200005,8789105,+398789105,formato sospetto,https://unica.istruzione.gov.it/cercalatuascuola/istituti/NA1A200005/scuola
NA100P,NA1E023002,8789105,+398789105,formato sospetto,https://unica.istruzione.gov.it/cercalatuascuola/istituti/NA1E023002/scuola
NA101P,NA1A20200R,8780031,+398780031,formato sospetto,https://unica.istruzione.gov.it/cercalatuascuola/istituti/NA1A20200R/scuola
NA198P,NA1A37200X,7716083,+397716083,formato sospetto,https://unica.istruzione.gov.it/cercalatuascuola/istituti/NA1A37200X/scuola
NA221P,NA1E130002,5205044,+395205044,formato sospetto,https://unica.istruzione.gov.it/cercalatuascuola/istituti/NA1E130002/scuola
NA234P,NA1MIM5003,8118207180,+398118207180,formato sospetto,https://unica.istruzione.gov.it/cercalatuascuola/istituti/NA1MIM5003/scuola
NA433P,NA1AR4500P,081119505865,+39081119505865,formato sospetto,https://unica.istruzione.gov.it/cercalatuascuola/istituti/NA1AR4500P/scuola
NA458P,NA1E15900N,00815434263,+815434263,formato sospetto,https://unica.istruzione.gov.it/cercalatuascuola/istituti/NA1E15900N/scuola
NA488P,NAPM31500X,00818512088,+818512088,formato sospetto,https://unica.istruzione.gov.it/cercalatuascuola/istituti/NAPM31500X/scuola
PA027P,PA1E007001,0091202803,,numero non convertito,https://unica.istruzione.gov.it/cercalatuascuola/istituti/PA1E007001/scuola
PA045P,PA1A105008,486216,,numero non convertito,https://unica.istruzione.gov.it/cercalatuascuola/istituti/PA1A105008/scuola
PA073P,PA1E03900C,092100021195,+39092100021195,formato sospetto,https://unica.istruzione.gov.it/cercalatuascuola/istituti/PA1E03900C/scuola
PA130P,PA1A4E500C,335284547,+39335284547,formato sospetto,https://unica.istruzione.gov.it/cercalatuascuola/istituti/PA1A4E500C/scuola
PI038P,PI1AV8500T,8756588,+398756588,formato sospetto,https://unica.istruzione.gov.it/cercalatuascuola/istituti/PI1AV8500T/scuola
RM003P,RM1A64900C,000652200288,+0652200288,formato sospetto,https://unica.istruzione.gov.it/cercalatuascuola/istituti/RM1A64900C/scuola
RM017P,RM1A405001,00065349993,+065349993,formato sospetto,https://unica.istruzione.gov.it/cercalatuascuola/istituti/RM1A405001/scuola
RM017P,RM1A447003,00065374173,+065374173,formato sospetto,https://unica.istruzione.gov.it/cercalatuascuola/istituti/RM1A447003/scuola
RM108P,RM1E08800Q,393389473699,+39393389473699,formato sospetto,https://unica.istruzione.gov.it/cercalatuascuola/istituti/RM1E08800Q/scuola
RM114P,RM1A28100R,00065810866,+065810866,formato sospetto,https://unica.istruzione.gov.it/cercalatuascuola/istituti/RM1A28100R/scuola
RM136P,RMPC255008,006 3052856,,numero non convertito,https://unica.istruzione.gov.it/cercalatuascuola/istituti/RMPC255008/scuola
RM242P,RM1E13200L,000687193608,+0687193608,formato sospetto,https://unica.istruzione.gov.it/cercalatuascuola/istituti/RM1E13200L/scuola
RM318P,RMPLNG500S,00677205175,+677205175,formato sospetto,https://unica.istruzione.gov.it/cercalatuascuola/istituti/RMPLNG500S/scuola
RM318P,RMPM195002,00677205175,+677205175,formato sospetto,https://unica.istruzione.gov.it/cercalatuascuola/istituti/RMPM195002/scuola
RM320P,RM1E11600P,6629301,+396629301,formato sospetto,https://unica.istruzione.gov.it/cercalatuascuola/istituti/RM1E11600P/scuola
RM355P,RMTD70500E,00065913242,+065913242,formato sospetto,https://unica.istruzione.gov.it/cercalatuascuola/istituti/RMTD70500E/scuola
SA060P,SA1E01900R,0089871130,,numero non convertito,https://unica.istruzione.gov.it/cercalatuascuola/istituti/SA1E01900R/scuola
SR010P,SR1A03800A,337884270,+39337884270,formato sospetto,https://unica.istruzione.gov.it/cercalatuascuola/istituti/SR1A03800A/scuola
SU013P,CA1A071005,9930507,+399930507,formato sospetto,https://unica.istruzione.gov.it/cercalatuascuola/istituti/CA1A071005/scuola
TO063P,TO1A167005,11972331,+3911972331,formato sospetto,https://unica.istruzione.gov.it/cercalatuascuola/istituti/TO1A167005/scuola
TO107P,TO1A22200C,8222665,+398222665,formato sospetto,https://unica.istruzione.gov.it/cercalatuascuola/istituti/TO1A22200C/scuola
TO184P,TO1E020001,0011785217,,numero non convertito,https://unica.istruzione.gov.it/cercalatuascuola/istituti/TO1E020001/scuola
TO185P,TO1E02100R,00112304191,+112304191,formato sospetto,https://unica.istruzione.gov.it/cercalatuascuola/istituti/TO1E02100R/scuola
TO186P,TO1E038006,00115629746,+115629746,formato sospetto,https://unica.istruzione.gov.it/cercalatuascuola/istituti/TO1E038006/scuola
TP022P,TP1A09400E,360971478,+39360971478,formato sospetto,https://unica.istruzione.gov.it/cercalatuascuola/istituti/TP1A09400E/scuola
VR178P,VR1E01500D,0045916009,,numero non convertito,https://unica.istruzione.gov.it/cercalatuascuola/istituti/VR1E01500D/scuola
VR188P,VRPC04500B,00458348536,+458348536,formato sospetto,https://unica.istruzione.gov.it/cercalatuascuola/istituti/VRPC04500B/scuola
VR193P,VRRI01500X,00458005982,+458005982,formato sospetto,https://unica.istruzione.gov.it/cercalatuascuola/istituti/VRRI01500X/scuola
VV008P,VV1A020008,338/35789,+3933835789,formato sospetto,https://unica.istruzione.gov.it/cercalatuascuola/istituti/VV1A020008/scuola
