CODICE_SCUOLA,CODICE_SEDE,TELEFONO_E164,TELEFONO_ORIGINALE,FAX_ORIGINALE,STATUS,URL_SCHEDA,SCARICATO_IL
AG001P,AG1A00400N,+390922604130,0922604130,0922604130,ok,https://unica.istruzione.gov.it/cercalatuascuola/istituti/AG1A00400N/scuola,2026-09-29T08:47:19+00:00
AG002P,AG1A00900R,+390922851858,0922851858,0922736275,ok,https://unica.istruzione.gov.it/cercalatuascuola/istituti/AG1A00900R/scuola,2026-09-29T08:47:21+00:00
AG002P,AG1E006007,+3909222851858,09222851858,0922736275,ok,https://unica.istruzione.gov.it/cercalatuascuola/istituti/AG1E006007/scuola,2026-09-29T08:47:23+00:00
AG002P,CE1A002005,+390823821674,0823821674,0823831073,ok,https://unica.istruzione.gov.it/cercalatuascuola/istituti/CE1A002005/scuola,2026-09-29T08:47:25+00:00
AG002P,CE1E03400E,+390823821674,0823821674,0823831073,ok,https://unica.istruzione.gov.it/cercalatuascuola/istituti/CE1E03400E/scuola,2026-09-29T08:47:28+00:00
AG002P,NA1A21800A,+390817261992,0817261992,0812416873,ok,https://unica.istruzione.gov.it/cercalatuascuola/istituti/NA1A21800A/scuola,2026-09-29T08:47:30+00:00
AG002P,NA1A300002,+390815871170,081 5871170,081,ok,https://unica.istruzione.gov.it/cercalatuascuola/istituti/NA1A300002/scuola,2026-09-29T08:47:33+00:00
AG002P,NA1A71200Q,+390818540666,0818540666,081,ok,https://unica.istruzione.gov.it/cercalatuascuola/istituti/NA1A71200Q/scuola,2026-09-29T08:47:35+00:00
AG002P,NA1E03900G,+390817261850,0817261850,,ok,https://unica.istruzione.gov.it/cercalatuascuola/istituti/NA1E03900G/scuola,2026-09-29T08:47:37+00:00
AG003P,AG1A01200L,+393299634619,3299634619,3299634619,ok,https://unica.istruzione.gov.it/cercalatuascuola/istituti/AG1A01200L/scuola,2026-09-29T08:47:39+00:00
AG004P,AG1A015004,+393669302064,3669302064,,ok,https://unica.istruzione.gov.it/cercalatuascuola/istituti/AG1A015004/scuola,2026-09-29T08:47:42+00:00
AG004P,AG1A060002,+390922416580,0922416580,0922462048,ok,https://unica.istruzione.gov.it/cercalatuascuola/istituti/AG1A060002/scuola,2026-09-29T08:47:44+00:00
AG005P,AG1A01600X,+390925544361,0925544361,0925544361,ok,https://unica.istruzione.gov.it/cercalatuascuola/istituti/AG1A01600X/scuola,2026-09-29T08:47:46+00:00
AG006P,AG1A01700Q,+39092564030,092564030,0922081117,ok,https://unica.istruzione.gov.it/cercalatuascuola/istituti/AG1A01700Q/scuola,2026-09-29T08:47:49+00:00
AG007P,AG1A01800G,+39092234127,092234127,092234127,ok,https://unica.istruzione.gov.it/cercalatuascuola/istituti/AG1A01800G/scuola,2026-09-29T08:47:51+00:00
AG008P,AG1A02000G,+39092585444,092585444,092585444,ok,https://unica.istruzione.gov.it/cercalatuascuola/istituti/AG1A02000G/scuola,2026-09-29T08:47:53+00:00
AG009P,AG1A02100B,+393392403012,3392403012,0922081117,ok,https://unica.istruzione.gov.it/cercalatuascuola/istituti/AG1A02100B/scuola,2026-09-29T08:47:55+00:00
AG010P,AG1A02700A,+39092521834,092521834,092521834,ok,https://unica.istruzione.gov.it/cercalatuascuola/istituti/AG1A02700A/scuola,2026-09-29T08:47:58+00:00
AG011P,AG1A028006,+39092571275,092571275,092571275,ok,https://unica.istruzione.gov.it/cercalatuascuola/istituti/AG1A028006/scuola,2026-09-29T08:48:00+00:00
AG012P,AG1A029002,+39092538016,092538016,092538016,ok,https://unica.istruzione.gov.it/cercalatuascuola/istituti/AG1A029002/scuola,2026-09-29T08:48:02+00:00
AG013P,AG1A031002,+390922968148,0922968148,0922968148,ok,https://unica.istruzione.gov.it/cercalatuascuola/istituti/AG1A031002/scuola,2026-09-29T08:48:04+00:00
AG014P,AG1A03400D,+390922473560,0922473560,092247356,ok,https://unica.istruzione.gov.it/cercalatuascuola/istituti/AG1A03400D/scuola,2026-09-29T08:48:06+00:00
AG015P,AG1A036005,+390925543240,0925543240,092524690,ok,https://unica.istruzione.gov.it/cercalatuascuola/istituti/AG1A036005/scuola,2026-09-29T08:48:09+00:00
AG016P,AG1A04000R,+393473483548,3473483548,0922858179,ok,https://unica.istruzione.gov.it/cercalatuascuola/istituti/AG1A04000R/scuola,2026-09-29T08:48:11+00:00
AG017P,AG1A04200C,+390922851506,0922851506,0922851506,ok,https://unica.istruzione.gov.it/cercalatuascuola/istituti/AG1A04200C/scuola,2026-09-29T08:48:13+00:00
AG018P,AG1A044004,+390922891429,0922891429,0922891523,ok,https://unica.istruzione.gov.it/cercalatuascuola/istituti/AG1A044004/scuola,2026-09-29T08:48:15+00:00
AG018P,AG1EVA500E,+393288785973,3288785973,,ok,https://unica.istruzione.gov.it/cercalatuascuola/istituti/AG1EVA500E/scuola,2026-09-29T08:48:18+00:00
AG019P,AG1A04600Q,,0022775498,0022775498,ok,https://unica.istruzione.gov.it/cercalatuascuola/istituti/AG1A04600Q/scuola,2026-09-29T08:48:20+00:00
AG020P,AG1A04800B,+390922607926,0922607926,0922,ok,https://unica.istruzione.gov.it/cercalatuascuola/istituti/AG1A04800B/scuola,2026-09-29T08:48:22+00:00
AG021P,AG1A05000B,+390922892377,0922892377,0922081117,ok,https://unica.istruzione.gov.it/cercalatuascuola/istituti/AG1A05000B/scuola,2026-09-29T08:48:24+00:00
